Title,Birthyear,Occupational_group
Šaćir_Hot,1991,athlete
A'Shawn_Robinson,1995,athlete
A.J._Shannon,1980,athlete
A._A._Ewing,,athlete
A._Austin_Tate,1894,athlete
A._B._Dille,,athlete
A._B._Morris,1900,athlete
"A._B._Morrison,_Jr.",1878,athlete
A._B._Potter,1872,athlete
A._B._Stoney,1892,athlete
A._Barr_Snively,1899,athlete
A._C._Hoffman,,athlete
A._Eugene_Haylett,,athlete
A._F._Holste,1874,athlete
A._G._Scanlon,1890,athlete
A._J._English,,athlete
A._J._Johnson_(linebacker),1991,athlete
A._J._Mandani,1987,athlete
A._J._Nowak,,athlete
A._J._Sturzenegger,1888,athlete
A._J._Wynder,1964,athlete
A._L._McRae,1861,athlete
A._L._Phillips,,athlete
A._L._Swanson,,athlete
A._L._Williams_(American_football),1934,athlete
A._M._Miller,1861,athlete
A._N._Hornby__AN_Hornby__1,,athlete
"A._P._Hall,_Jr.",1880,athlete
A._R._Kennedy,1876,athlete
A._R._VanCleave,1889,athlete
A._S._Jeffs,1871,athlete
A._T._Myers,,athlete
A._Vernon_Randall,,athlete
A._W._Ehrsam,1876,athlete
A._W._Jeffries,,athlete
A._W._Kjellstrand,1864,athlete
A._W._Ristine,1878,athlete
A._W._Shepard,1865,athlete
Aminata_Nar_Diop,1983,athlete
Aminu_Timberlake,,athlete
Amir_Amini,1984,athlete
Amir_Garrett,1992,athlete
Amit_Shumovich,1992,athlete
Amos_Allen_(gridiron_football),1983,athlete
Amos_Alonzo_Stagg,,athlete
"Amos_Alonzo_Stagg,_Jr.",1899,athlete
Amos_Foster,1880,athlete
Amos_Fowler,1956,athlete
Amos_Magee,1971,athlete
Amos_W._Marston,,athlete
Amr_Aly,1962,athlete
Amy_Anderson_(golfer),1992,athlete
Amy_Dahl,,athlete
Amy_Fruhwirth,1968,athlete
Amy_Garnett,1976,athlete
Amy_Gutierrez,,athlete
Amy_Hung,1980,athlete
Amy_Suiter,,athlete
Amy_Vermeulen,1983,athlete
An_Byeong-hun,1991,athlete
An_Byong-jun,,athlete
An_Dong-hyeok,1988,athlete
An_Ik-soo,1965,athlete
An_Jae-jun,1986,athlete
An_Sun-jin,,athlete
An_Sung-bin,1988,athlete
An_Sung-min,1985,athlete
An_Yong-hak,,athlete
An_Yong-woo,1991,athlete
Anat_Maimoni,1982,athlete
Ancil_D._Brown,1873,athlete
Ancil_Farrier,1986,athlete
Ander_Monro,1981,athlete
Anders_Haglund,1964,athlete
Anders_Hansen,,athlete
Andile_Jali,1990,athlete
Andile_Jho,1992,athlete
Andra_Franklin,1959,athlete
Andre_McGee,,athlete
Andre_Schmid_(soccer),1983,athlete
"Andre_Smith_(basketball,_born_1985)",1985,athlete
Andre_Snyman,1974,athlete
Andre_Spencer,1964,athlete
Andre_Torrey,1982,athlete
Andre_Toussaint,1981,athlete
Andre_Townsend,1962,athlete
Andre_Wadsworth,1974,athlete
Andre_Wakefield,1955,athlete
Andre_Weathers,,athlete
Andre_Young_(American_football),1960,athlete
Andrea_Pavan,1989,athlete
Andres_Arango,,athlete
Andres_Gonzales,1983,athlete
Andrew_A._Stone,,athlete
Andrew_Amos,1863,athlete
Andrew_Balfour,1873,athlete
Andrew_Barron,,athlete
Andrew_Beerwinkel,1993,athlete
Andrew_Billings,,athlete
Andrew_Bird_Glaspie,1876,athlete
Andrew_Boyens,,athlete
Andrew_Brown_(American_football),1995,athlete
Andrew_Browne_(rugby_union),1987,athlete
Andrew_Calof,1991,athlete
Andrew_Checketts,,athlete
Andrew_Clinch,1867,athlete
Andrew_Coltart,,athlete
Andrew_Combs,,athlete
Andrew_Conway,1991,athlete
Andrew_Copelan,,athlete
Andrew_Daish,1984,athlete
Andrew_Durutalo,1987,athlete
Andrew_Ellis,,athlete
Andrew_Fields,,athlete
Andrew_Fox_(footballer),1990,athlete
Andrew_G._Reid,1878,athlete
Andrew_Gaze,,athlete
Andrew_Gill_(coach),,athlete
Andrew_Goodman_(rugby_union),1982,athlete
Andrew_Goudelock,,athlete
Andrew_Harriman,1964,athlete
Andrew_Hoffman_(American_football),1982,athlete
Andrew_Hore,,athlete
Andrew_Hughes_(rugby_union),1995,athlete
Andrew_Jackson_(running_back),1964,athlete
Andrew_Johnson_(golfer),1972,athlete
Andrew_Kellaway_(rugby_union),1995,athlete
Andrew_Kelly_(rugby_union),1982,athlete
"Andrew_Kelly_(rugby_union,_born_1981)",,athlete
Andrew_Kerr,1878,athlete
Andrew_Landry,1987,athlete
Andrew_Lawrence_(basketball),,athlete
Andrew_Loupe,1988,athlete
Andrew_Magee,,athlete
Andrew_McArthur,1979,athlete
Andrew_McKay_(footballer),,athlete
Andrew_Myler,1975,athlete
Andrew_Ness,,athlete
Andrew_Olivieri,1981,athlete
Andrew_Putnam,1989,athlete
Andrew_Ramsay_Don-Wauchope,1861,athlete
Andrew_Ready,1993,athlete
Andrew_Restrepo,1970,athlete
Andrew_Sheridan,,athlete
Andrew_Shull,1981,athlete
Andrew_Slack,1955,athlete
Andrew_Sousa,1989,athlete
Andrew_Svoboda,1979,athlete
Andrew_Tiedemann,1988,athlete
Andrew_Toole,1980,athlete
Andrew_Trimble,,athlete
Andrew_W._Smith,,athlete
Andrew_Wolff,1985,athlete
Andrew_Woodruff,1985,athlete
Andrew_Wright_(footballer),1985,athlete
Andrew_Ziemer,1967,athlete
Andrew_van_Wyk,1989,athlete
Andrianos_Perdikaris,,athlete
Andries_Bekker,,athlete
Andries_Ferreira,1990,athlete
Andries_Mahoney,1985,athlete
Andries_Pretorius_(rugby_player),1985,athlete
Andries_Strauss,1984,athlete
Andriy_Budnyi,,athlete
André_Bossert,,athlete
André_Duberry,1982,athlete
André_Joubert,1964,athlete
André_Pretorius,,athlete
André_Warner,1993,athlete
André_Watson,1958,athlete
Andrés_Pérez,1988,athlete
Andy_Banachowski,1945,athlete
Andy_Beattie_(rugby_union),,athlete
Andy_Brandi,1952,athlete
Andy_Cannavino,1959,athlete
Andy_Coen,1964,athlete
Andy_Craven,,athlete
Andy_Crawford,1967,athlete
Andy_Dalton_(rugby_union),,athlete
Andy_Dorman,,athlete
Andy_Dorris,1951,athlete
Andy_Enfield,,athlete
Andy_Fenby,1985,athlete
Andy_Groom,1979,athlete
Andy_Gustafson,,athlete
Andy_Hastings,,athlete
Andy_Irvine_(rugby_union),,athlete
Andy_Jackson_(tennis),1961,athlete
Andy_Jefferd,1953,athlete
Andy_Johnson_(American_football),1952,athlete
Andy_Katz,1969,athlete
Andy_Kennedy_(basketball),,athlete
Andy_Lambert,,athlete
Andy_Landers,,athlete
Andy_Lopez,1953,athlete
Andy_Lorei,1989,athlete
Andy_Ludwig,1964,athlete
Andy_MacDonald_(American_football),1930,athlete
Andy_Miller_(golfer),1978,athlete
Andy_Mooradian,,athlete
Andy_Moore_(American_football),1902,athlete
Andy_Mullins_(rugby_union),1964,athlete
Andy_Murray_(ice_hockey),,athlete
Andy_Natowich,1918,athlete
Andy_Oberlander,,athlete
Andy_Panko,,athlete
Andy_Pilney,1913,athlete
Andy_Pope,,athlete
Andy_Powell_(rugby),1981,athlete
Andy_Reay,1983,athlete
Andy_Rosenband,1981,athlete
Andy_Russo,1948,athlete
Andy_Saull,1988,athlete
Andy_Short,1991,athlete
Andy_Smith_(American_football),,athlete
Andy_Strouse,1970,athlete
Andy_Talley,1943,athlete
Andy_Titterrell,,athlete
Andy_Vilk,,athlete
Andy_White_(American_football),,athlete
Andy_Williams_(American_football),,athlete
Andy_Williams_(Jamaican_footballer),,athlete
Andy_Willock,1964,athlete
Andy_Wyant,1867,athlete
Ane_Stangeland_Horpestad,1980,athlete
Aneika_Henry,,athlete
Aneurin_Rees,1858,athlete
Angel_Rahov,1986,athlete
Angela_James,1964,athlete
Angela_Lawson,,athlete
Angela_Salem,1987,athlete
Angela_Stanford,1977,athlete
Angela_Sun,1982,athlete
Angeline_Impelido,,athlete
Angelo_Cruz,1958,athlete
Angelo_Luzzani,1896,athlete
Angelo_Mosca,,athlete
Angelo_Panzetta,1967,athlete
Angelo_Paternoster,1919,athlete
Angelo_Reyes_(basketball),1981,athlete
Angie_Bjorklund,,athlete
Angus_Cottrell,1989,athlete
Angus_Reid,1976,athlete
Angus_Roberts,1990,athlete
Anisa_Guajardo,1991,athlete
Anita_Howard,1969,athlete
Anjo_Caram,1991,athlete
Ankita_Tiwana,,athlete
Ann_Liguori,,athlete
Anna_Rawson,,athlete
Annalise_Pickrel,,athlete
Anne_Quast,1937,athlete
Anne_Sargeant,1957,athlete
Annette_Watts,1959,athlete
Annika_Sörenstam,,athlete
Anon_San-Mhard,,athlete
Anon_Sangsanoi,,athlete
Anquell_McCollum,1973,athlete
Anson_Dorrance,,athlete
Anson_Harrold,1870,athlete
Ant_Strachan,,athlete
Antanas_Kavaliauskas,,athlete
Ante_Jazić,,athlete
Anthonie_Gronum,1985,athlete
Anthony_Alix,1986,athlete
Anthony_Allison,1987,athlete
Anthony_Augustine,1980,athlete
Anthony_Bell,1964,athlete
Anthony_Blue,1964,athlete
Anthony_Boric,,athlete
Anthony_Bowie,,athlete
Anthony_Bozzella,,athlete
Anthony_Campanile,1982,athlete
Anthony_Carter,,athlete
Anthony_Chez,1872,athlete
Anthony_Cottrell_(rugby_union),,athlete
"Anthony_Davis_(running_back,_born_1982)",1982,athlete
Anthony_DiMarzo,,athlete
Anthony_Di_Biase,1988,athlete
Anthony_Evans_(basketball),1970,athlete
Anthony_Fainga'a,1987,athlete
Anthony_Fernandez,1982,athlete
Anthony_Foley,,athlete
Anthony_Frederick,,athlete
Anthony_Goldwire,,athlete
Anthony_Grant,,athlete
Anthony_Grant_(Jamaican_footballer),1989,athlete
Anthony_Hamilton_(soccer),1985,athlete
Anthony_Henniker-Gotley,1887,athlete
Anthony_Jennings,1994,athlete
Anthony_Johnson_(basketball),,athlete
Anthony_Jones_(American_football),1960,athlete
Anthony_Kang,1972,athlete
Anthony_Kelly_(lacrosse),1980,athlete
Anthony_Kim,1985,athlete
Anthony_Latina,1973,athlete
Anthony_Lee-Ingram,,athlete
Anthony_Maher_(soccer),1979,athlete
"Anthony_Myles_(basketball,_born_1982)",,athlete
Anthony_O'Garro,1987,athlete
Anthony_Perenise,1982,athlete
Anthony_Peters,1983,athlete
Anthony_Poindexter,1976,athlete
Anthony_Purpura,1986,athlete
Anthony_Reddick,1985,athlete
Anthony_Sagnella,1964,athlete
Anthony_Savage,1893,athlete
Anthony_Semerad,1991,athlete
Anthony_Shavies,1983,athlete
Anthony_Vázquez,1988,athlete
Anthony_Watson_(rugby_union),1994,athlete
Anthony_Wilkerson,1992,athlete
Anthony_Zuzzio,1916,athlete
Antoine_Caldwell,1986,athlete
Antoine_Joseph,1989,athlete
Anton_Oliver,1975,athlete
Anton_Peterlin_(soccer),1987,athlete
Anton_del_Rosario,1981,athlete
Anton_van_Zyl,,athlete
Antonio_Bass,1987,athlete
Antonio_Bua,1990,athlete
"Antonio_Burks_(basketball,_born_1980)",,athlete
Antonio_Genato,1929,athlete
Antonio_Granger,1976,athlete
Antonio_Harvey,,athlete
Antonio_Lang,,athlete
Antonio_Langham,1972,athlete
Antonio_Latimer,1978,athlete
Antonio_Martínez_(footballer),,athlete
Albena_Branzova,1971,athlete
Albert_Anderson_(rugby),1961,athlete
Albert_B._Cowden,1879,athlete
Albert_Barron,1888,athlete
Albert_Berg,1864,athlete
Albert_Bimper,1983,athlete
Albert_E._Herrnstein,1882,athlete
Albert_Edward_(soccer),1991,athlete
Albert_Elliott,1869,athlete
Albert_Elmore,1904,athlete
Albert_Exendine,1884,athlete
Albert_Graff,,athlete
Albert_Hansen,1871,athlete
Albert_I._Prettyman,,athlete
Albert_J._Gebert,1906,athlete
Albert_Jenkin,1872,athlete
Albert_Journeay,1890,athlete
Albert_Kawal,1912,athlete
Albert_Luvian_Wade,1884,athlete
Albert_Marshall_(American_football),,athlete
Albert_McLeland,,athlete
Albert_Pitt_(footballer),1880,athlete
Albert_Sharpe_(American_football),1877,athlete
Albert_Simmonds,1875,athlete
Albert_Wittmer,1897,athlete
Albertin_Montoya,1975,athlete
Alberto_Liñán,1990,athlete
Alberto_Mestre,1964,athlete
Alberto_Reynoso,1940,athlete
Albie_Reisz,1917,athlete
Alby_Mathewson,1985,athlete
Alcardo_van_Graan,1986,athlete
Alden_C._Coder,1909,athlete
Alden_Knipe,,athlete
Alden_Pasche,,athlete
Aldi_Henry,1972,athlete
Aldin_Ayo,1977,athlete
Aldo_Donelli,1907,athlete
Aldrech_Ramos,1988,athlete
Alec_Boswell_Timms,1872,athlete
Alejandra_Llaneza,1988,athlete
Alejandro_Bedoya,1987,athlete
Alejandro_Cañizares,1983,athlete
Alejandro_Covarrubias,1991,athlete
Alejandro_Salazar,,athlete
Aleksandar_Radojević,,athlete
Alen_Kozić,1976,athlete
Alena_Sharp,1981,athlete
Alessandro_Salvatore,1987,athlete
Alex_Adams,1935,athlete
Alex_Aggelakos,1994,athlete
Alex_Allan_(rugby_union),0029,athlete
Alex_Aragon,1979,athlete
Alex_Atty,1916,athlete
Alex_Bengard,1979,athlete
Alex_Cabagnot,1982,athlete
Alex_Caceres_(footballer),1987,athlete
Alex_Collins_(American_football),1994,athlete
Alex_Corbisiero,1988,athlete
Alex_Crisano,1976,athlete
Alex_Cuthbert,1990,athlete
Alex_Denman,,athlete
Alex_DesRoches,,athlete
Alex_Dunbar,1990,athlete
Alex_Ely,1938,athlete
Alex_Goode,1988,athlete
Alex_Gordon_(rugby_union),1991,athlete
Alex_Grendi,1987,athlete
Alex_Harlley,1992,athlete
Alex_Henery,1987,athlete
Alex_Hewit,1985,athlete
Alex_Karmo,1989,athlete
Alex_King_(rugby_union),,athlete
Alex_Liatsos,1980,athlete
Alex_Lincoln,1977,athlete
Alex_Lozowski,,athlete
Alex_Mafi,,athlete
Alex_Mallari,1987,athlete
Alex_Metzger_(footballer),,athlete
Alex_Nahigian,1919,athlete
Alex_Nuyles,1989,athlete
Alex_Petersen,1924,athlete
Alex_Pledger,,athlete
Alex_Porter,1980,athlete
Alex_Prugh,1984,athlete
Alex_Putrenko,1990,athlete
Alex_Renfroe,,athlete
Alex_Rokobaro,1989,athlete
Alex_Ross_(rugby_union),1905,athlete
Alex_Sandusky,1932,athlete
Alex_Scales,1978,athlete
Alex_Shaw_(basketball),1907,athlete
"Alex_Smith_(footballer,_born_1985)",1985,athlete
Alex_Smith_(lacrosse),1984,athlete
Alex_Tait_(rugby_union),1988,athlete
Alex_Toolis,0026,athlete
Alex_Trlica,1984,athlete
Alex_Tuch,1996,athlete
Alex_Weekes,1988,athlete
Alex_Weyand,1892,athlete
Alex_Wood_(American_football),1955,athlete
Alex_Woods_(soccer),1982,athlete
Alex_Wyllie,1944,athlete
Alex_Yunevich,1909,athlete
Alexander_Bondurant,1865,athlete
Alexander_Brown_Mackie,1894,athlete
Alexander_Durley,1937,athlete
Alexander_F._Bell,1915,athlete
Alexander_Ioannou,1988,athlete
Alexander_Jerrems,,athlete
Alexander_Kühl,1973,athlete
Alexander_Magleby,1978,athlete
Alexander_Norén,1982,athlete
Alexander_S._Lilley,1867,athlete
Alexander_Severance,,athlete
Alexander_Todd_(rugby_union),1873,athlete
Alexander_William_Pearson,1854,athlete
Alexandra_Carpenter,1994,athlete
Alexandra_Sahlen,1982,athlete
Alexandra_Salvador,,athlete
Alexandre_Picard-Hooper,1987,athlete
Alexandre_Rocha,1977,athlete
Alexis_Bwenge,1981,athlete
Alexis_Serna,,athlete
Aleš_Pařez,1981,athlete
Alf_McDonald,,athlete
Alfie_Almario,,athlete
Alfrancis_Chua,,athlete
Alfred_Allport,1867,athlete
Alfred_B._Miles,1888,athlete
Alfred_Barlow_(American_football),,athlete
Alfred_C._Werner,1917,athlete
Alfred_Cattell,1857,athlete
Alfred_Clunies-Ross,1851,athlete
Alfred_Davenport,1849,athlete
Alfred_E._Bull,1867,athlete
Alfred_Ellet_Hitchner,1882,athlete
Alfred_Fell,1878,athlete
Alfred_H._Conrad,1924,athlete
Alfred_J._Robertson,,athlete
Alfred_Jackson_(American_football),1955,athlete
Alfred_L._Buser,1888,athlete
Alfred_Mathews,1864,athlete
Alfred_McCoy_(American_football),1899,athlete
Alfred_St._George_Hamersley,1848,athlete
Alfred_W._Debo,,athlete
Alfred_W._Place,,athlete
Alfredo_Lalanne,1983,athlete
Alfredo_Ott,1983,athlete
Alger_H._Wood,,athlete
Alhaji_Mohammed,1981,athlete
Ali_Elsamni,,athlete
Ali_Farokhmanesh,1988,athlete
Ali_John_Utush,1977,athlete
Ali_Kazemaini,1963,athlete
Ali_Noorzad,,athlete
Ali_Sanei,1973,athlete
Ali_Traoré,,athlete
Ali_Williams,,athlete
Alice_Coddington,,athlete
Alice_Inoue,1964,athlete
Alice_Miller_(golfer),,athlete
Alice_Ritzman,1952,athlete
Alice_Tym,1942,athlete
Alisa_Burras,,athlete
Alisi_Tupuailei,,athlete
Alison_Gordon,1943,athlete
Alison_Lee,1995,athlete
Alister_Munro_Campbell,1979,athlete
Aljon_Mariano,1992,athlete
Allama_Matthews,1961,athlete
Allan_Alaalatoa,1994,athlete
Allan_Boath,1958,athlete
Allan_Brown_(soccer),1984,athlete
Allan_Caidic,,athlete
Allan_Dell,1992,athlete
Allan_Evridge,1985,athlete
Allan_Stewart_(rugby_player),1940,athlete
Allan_Williford,1892,athlete
Allein_Maliksi,1987,athlete
Allen_(Cambridge_University_cricketer),,athlete
Allen_Boren,1934,athlete
Allen_Brown,1943,athlete
Allen_Carter,,athlete
Allen_Doyle,,athlete
Allen_Edwards_(basketball),1975,athlete
Allen_Elward,1892,athlete
Allen_Greene,1977,athlete
Allen_Gum,1969,athlete
Allen_Harvin,1959,athlete
Allen_Jeardeau,1866,athlete
Allen_McCants,1875,athlete
Allen_Moore_(American_football),1909,athlete
Allen_Morris_(tennis),1932,athlete
Allen_Pinkett,1964,athlete
Allen_Pitts,,athlete
Allen_Rudolph,,athlete
Allen_Snyder_(coach),,athlete
Allen_Steckle,,athlete
Allen_Webb,1983,athlete
Allen_Wilson_(American_football),1951,athlete
Alli_Austria,1990,athlete
Allie_Miller,1886,athlete
Allison_Curtin,1980,athlete
Allison_Finney,1958,athlete
Allison_Hubert,,athlete
Allister_Hogg,,athlete
Allyn_McKeen,1905,athlete
Allyssa_DeHaan,1988,athlete
Almir_Barbosa,1980,athlete
Almond_Vosotros,1990,athlete
Alon_Lubezky,1980,athlete
Alonzo_Bradley,,athlete
Alonzo_Edwin_Branch,1874,athlete
Alonzo_G._Brown,,athlete
Alonzo_Mayes,1975,athlete
Alper_Solak,0016,athlete
Alpha_Brummage,1880,athlete
Alpha_Jamison,1875,athlete
Altamont_McKenzie,1951,athlete
Altino_Domingues,1951,athlete
Alton_Jackson,,athlete
Alton_Johnson,1877,athlete
Alton_Lister,,athlete
Alun_Lewis_(rugby_union),1956,athlete
Alun_Pask,1937,athlete
Alun_Thomas,1926,athlete
Alun_Wyn_Jones,1985,athlete
Alured_Ransom,1908,athlete
Alva_Duer,,athlete
Alva_Kelley,1918,athlete
Alvin_Bell,,athlete
Alvin_Brooks,,athlete
Alvin_Brooks_III,,athlete
Alvin_Kletsch,,athlete
Alvin_Loucks,1895,athlete
Alvin_Pierson,,athlete
Alvin_Robertson,,athlete
Alvin_Teng,1965,athlete
Alvin_Toles,1963,athlete
Alvin_Twitchell,,athlete
Alvin_Wistert,1916,athlete
Alvin_Wyatt,1947,athlete
Alvin_Young,1975,athlete
Alvord_Wolff,,athlete
Alwin_Komolong,1995,athlete
Alwyn_Hollenbach,1985,athlete
Amaechi_Igwe,1988,athlete
Amanaki_Lotoahea,,athlete
Amanda_Blumenherst,1986,athlete
Amanda_Butler,,athlete
Amanda_Cromwell,1970,athlete
Amanda_Dlamini,1988,athlete
Amanda_Levens,,athlete
Amanda_O'Leary,,athlete
Amanda_Poach,1987,athlete
Amara_Soumah,1990,athlete
Amarlo_Herrera,,athlete
Amaury_Nunes,,athlete
Amber_Holt,,athlete
Amber_Jacobs,,athlete
Ambrose_Curtis,1992,athlete
Antonio_Superbia,0014,athlete
Antonious_Bonner,1972,athlete
Antti_Ahokas,1985,athlete
Antwain_Barbour,1982,athlete
Antwain_Smith,1975,athlete
Antwi_Atuahene,,athlete
Anu_Solomon,1996,athlete
Anusith_Termmee,,athlete
Anwar_Ferguson,,athlete
Appleton_A._Mason,1880,athlete
April_Heinrichs,,athlete
April_Ieremia,1967,athlete
Ara_Parseghian,,athlete
Arava_Shahaf,1990,athlete
Arch_Crippin,,athlete
Arch_Reilly,1891,athlete
Archie_Amerson,1974,athlete
Archie_Cooley,1940,athlete
Archie_Eves,1876,athlete
Archie_Hahn,,athlete
Archie_Hoxton,1875,athlete
Archie_Kodros,1918,athlete
Archie_Milano,1918,athlete
Archie_Miller_(basketball),1978,athlete
Archie_W._Butcher,1901,athlete
Archie_Webb,,athlete
Arda_Bowser,1899,athlete
Ardie_Savea,1993,athlete
Ardo_Perri,1950,athlete
Ardy_Larong,1980,athlete
Aree_Song,,athlete
Arianna_Criscione,1985,athlete
Arie_Maliniak,1949,athlete
Aries_Dimaunahan,1978,athlete
Arisa_Inoue,,athlete
Aristeidis_Moumoglou,1942,athlete
Aristide_Guerriero,1986,athlete
Aritatsu_Ogi,1942,athlete
Ark_Newton,,athlete
Arland_Bruce_III,,athlete
Arleigh_Williams,1912,athlete
Arlie_C._Jones,1870,athlete
Armando_Favela,1986,athlete
Armandt_Koster,1990,athlete
Armant_Legendre,,athlete
Armelie_Lumanu,,athlete
Armen_Gilliam,,athlete
Armin_Kraeft,1909,athlete
Arn_Tellem,1954,athlete
Arnas_Butkevičius,1992,athlete
Arnaud_Gascon-Nadon,1988,athlete
Arnie_Arenz,1911,athlete
Arnie_Ball,1944,athlete
Arnie_Johnson,1920,athlete
Arnie_Oliver,1907,athlete
Arnie_Tuadles,1956,athlete
Arno_Botha,1991,athlete
Arnold_Jackson_(American_football),1977,athlete
Arnold_Jeter,,athlete
Arnold_L._Kirkpatrick,1886,athlete
Arnold_Morgado,1952,athlete
Arnold_Palmer,,athlete
Arnold_Tancred,1904,athlete
Arnond_Vongvanij,,athlete
Aron_Price,1982,athlete
Aron_Stewart,1950,athlete
Arran_Pene,,athlete
Arron_Oberholser,,athlete
Arron_Patrick,1987,athlete
Art_Badenoch,1884,athlete
Art_Baker_(coach),1929,athlete
Art_Baker_(gridiron_football),,athlete
Art_Briles,1955,athlete
Art_Carmody,1984,athlete
Art_Collins_(basketball),,athlete
Art_Doering,1915,athlete
Art_Dufelmeier,1923,athlete
Art_Eason,,athlete
Art_Edgson,1949,athlete
Art_Hillebrand,,athlete
Art_Howe_(American_football),1890,athlete
Art_Kahler,1897,athlete
Art_Kaufman,,athlete
Art_Keller,1921,athlete
Art_Lewis,,athlete
Art_Long,,athlete
Art_Mahan,1913,athlete
Art_McLarney,1908,athlete
Art_McLarney__Art_McLarney__1,,athlete
Art_Napolitano,1956,athlete
Art_Orloske,1922,athlete
Art_Powell_(coach),1884,athlete
Art_Raimo,1916,athlete
Art_Renner,1923,athlete
Art_Spinney,1927,athlete
Art_Stevenson,,athlete
Art_Van_Tone,1918,athlete
"Art_Wall,_Jr.",,athlete
Art_Weiner,,athlete
Art_dela_Cruz,1989,athlete
Artavis_Scott,1994,athlete
Arthur_B._Woodford,1861,athlete
Arthur_Berndt,1884,athlete
Arthur_Brides,1885,athlete
Arthur_Cornish,1897,athlete
Arthur_Dorward,,athlete
Arthur_Dunn,1860,athlete
Arthur_Evanson,1859,athlete
Arthur_F._Smith,,athlete
Arthur_Finlay_(rugby_union_born_1903),1903,athlete
Arthur_Friedenreich,,athlete
Arthur_Gibson_(rugby_union_player),1844,athlete
Arthur_Guepe,,athlete
Arthur_H._Parmelee,1883,athlete
Arthur_Hale_Curtis,1881,athlete
Arthur_Harding,1878,athlete
Arthur_Hughes_(rugby_player),,athlete
Arthur_J._Pierce,,athlete
Arthur_J._Willis,,athlete
Arthur_Jennings_(rugby_union),1940,athlete
Arthur_Karpus,1898,athlete
Arthur_Kendel,,athlete
Arthur_Kerry,1879,athlete
Arthur_Lyon_(rugby_union),1851,athlete
Arthur_M._Brown,1884,athlete
Arthur_Matsu,1904,athlete
Arthur_McFarland,1874,athlete
Arthur_McKean,1882,athlete
Arthur_Meares,1874,athlete
Arthur_Melmoth_Walters,1865,athlete
Arthur_Morton_(American_football),1914,athlete
Arthur_Mosse,1872,athlete
Arthur_P._Robinson,1879,athlete
Arthur_R._Hall,1869,athlete
Arthur_Redner,1879,athlete
Arthur_Rees,1912,athlete
Arthur_Rotherham,1869,athlete
Arthur_S._Herman,1891,athlete
Arthur_Sanders_(footballer),1901,athlete
Arthur_Schabinger,1889,athlete
Arthur_Smith_(American_football),,athlete
Arthur_Smith_(rugby_union),,athlete
Arthur_Tonkin,1922,athlete
Arthur_Trousdell,,athlete
Arthur_Valpey,1915,athlete
Arthur_White_(American_football),1877,athlete
Arthur_Woods_(rugby_union),,athlete
Arthur_Young_(rugby_union_player),1901,athlete
Artie_Burns,1995,athlete
Artsiom_Parakhouski,,athlete
Artūras_Valeika,1985,athlete
Artūrs_Štālbergs,,athlete
Arvid_Kramer,1956,athlete
Arwind_Santos,,athlete
Asa_G._Wiley,,athlete
Asaf_Ali,,athlete
Asghar_Kardoust,1986,athlete
Ashante_Johnson,1976,athlete
Ashleigh_Gunning,1985,athlete
Ashleigh_Townsend,1985,athlete
Ashley_Baker,1990,athlete
Ashley_Beck,1990,athlete
Ashley_Billington,1969,athlete
Ashley_Field,1989,athlete
Ashley_Prange,1981,athlete
Ashley_Roestoff,1963,athlete
Ashley_Shields,,athlete
Ashton_Bennett,1988,athlete
Ashton_Constant,1983,athlete
Asia_Europe_University__Baldwin_Ngwa__1,,athlete
Asia_Europe_University__Chan_Dara__1,,athlete
Asia_Europe_University__Chan_Sophearak__1,,athlete
Asia_Europe_University__Chhang_Hai__1,,athlete
Asia_Europe_University__Chhim_Bunsan__1,,athlete
Asia_Europe_University__Choun_Chum__1,,athlete
Asia_Europe_University__Ear_Piroth__1,,athlete
Asia_Europe_University__Kenneth_Nwafor__1,,athlete
Asia_Europe_University__Kha_Theara__1,,athlete
Asia_Europe_University__Marin_Takano__1,,athlete
Asia_Europe_University__Mohamed_Hamza__1,,athlete
Asia_Europe_University__Mol_Channara__1,,athlete
Asia_Europe_University__Moneke_Obi_Ugochukwu__1,,athlete
Asia_Europe_University__Ngem_Phearom__1,,athlete
Asia_Europe_University__Ny_Vatanak__1,,athlete
Asia_Europe_University__Ouk_Sokban__1,,athlete
Asia_Europe_University__Phon_Dolla__1,,athlete
Asia_Europe_University__Pich_Rovinyothin__1,,athlete
Asia_Europe_University__Pichey_Sopheara__1,,athlete
Asia_Europe_University__Pin_Saraen__1,,athlete
Asia_Europe_University__Sen_Poukhorey__1,,athlete
Asia_Europe_University__Sim_Sokha__1,,athlete
Asia_Europe_University__Soeung_Sopanha__1,,athlete
Asia_Europe_University__Sok_Sengdara__1,,athlete
Asia_Europe_University__Yorm_Vanna__1,,athlete
Astou_Ndiaye-Diatta,,athlete
Atholstan_Mahoney,1908,athlete
Atle_Roar_Håland,1977,athlete
Ato_Agustin,1963,athlete
Atsuhiro_Miura,,athlete
Atsushi_Hiwasa,,athlete
Atsushi_Ito_(footballer),1983,athlete
Atsushi_Nagai,1974,athlete
Atsushi_Yoneyama,1976,athlete
Atsushi_Yoshimoto,1982,athlete
Atthawit_Sukchuai,1996,athlete
Atunaisa_Moli,1995,athlete
Atusaye_Nyondo,1990,athlete
Aub_Hodgson,1912,athlete
Aubone_Surtees,1865,athlete
Aubrey_Bledsoe,1991,athlete
Aubrey_Coleman,,athlete
Aubrey_Devine,,athlete
Aubrey_Fabian,,athlete
Aubrey_Givens,1912,athlete
Aubrey_Hill,1972,athlete
Aubrey_Kelly,,athlete
Aubrey_McCormick,1982,athlete
Aubrey_McDonald,0003,athlete
Aubrey_Ngoma,1989,athlete
Audra_Smith,,athlete
Augie_Garrido,,athlete
Augie_Hoffmann,1981,athlete
August_W._Farwick,1902,athlete
Augustine_Pulu,,athlete
Aurealius_Thomas,1934,athlete
Austin_Appleby,1993,athlete
Austin_Cook,,athlete
Austin_Ernst,1992,athlete
Austin_Gralton,1871,athlete
Austin_Hooper,,athlete
Austin_Hudson_(soccer),1959,athlete
Austin_Jones,,athlete
Austin_Kafentzis,1996,athlete
Austin_Surhoff,1990,athlete
Austin_Washington,1985,athlete
Autry_Beamon,1953,athlete
Autumn_Rademacher,,athlete
Avery_Blake,,athlete
Avery_John,,athlete
Avery_Johnson,,athlete
Avery_Scharer,1986,athlete
Avis_Wyatt,1984,athlete
Avneet_Shergill,1985,athlete
Axel_Doruelo,,athlete
Ayanda_Lubelo,1992,athlete
Ayoola_Erinle,,athlete
Aytek_Genc,1966,athlete
Ayumu_Goromaru,,athlete
Azahara_Muñoz,1987,athlete
AJ_Coertzen,1990,athlete
Aadel_Kardooni,1968,athlete
Aaran_McEneff,1985,athlete
Aaron_A._Davis,,athlete
Aaron_Atayde,1986,athlete
Aaron_Brant,1984,athlete
Aaron_Burbridge,,athlete
"Aaron_Callaghan_(footballer,_born_1966)",,athlete
Aaron_Chandler,1983,athlete
Aaron_Clapham,1987,athlete
Aaron_Cruden,1989,athlete
Aaron_DeLoach,1983,athlete
Aaron_Dundon,1982,athlete
Aaron_Fiacconi,1979,athlete
Aaron_Gibson,1977,athlete
Aaron_Goldberg_(golfer),1985,athlete
Aaron_Jarvis,1986,athlete
Aaron_Kelton,1974,athlete
Aaron_Koch,,athlete
Aaron_Liffchak,1985,athlete
Aaron_McCreary,1892,athlete
Aaron_McGhee,,athlete
Aaron_Parker,1986,athlete
Aaron_Paye,1981,athlete
Aaron_Pitchkolan,,athlete
Aaron_Roderick,1972,athlete
Aaron_Schoenfeld,1990,athlete
Aaron_Watkins_(golfer),1982,athlete
Aaron_Wheeler,1988,athlete
Abdul_Bangura,,athlete
Abdul_Jeelani,1954,athlete
Abdul_Majeed_Waris,1991,athlete
Abdul_Thompson_Conteh,1970,athlete
Abe_Cohn,1897,athlete
Abe_Lemons,,athlete
Abe_Martin,1908,athlete
Abel_Davies,1861,athlete
Abel_Gebor,1990,athlete
Abet_Guidaben,,athlete
Abner_Oakes,1934,athlete
Abongile_Nonkontwana,1995,athlete
Abraham_Ancer,,athlete
Abraham_Villon,1990,athlete
Abrie_Griesel,1992,athlete
Ace_Mumford,1898,athlete
Ad_Rutschman,1931,athlete
Adam_Arthur,1985,athlete
Adam_Bagni,1984,athlete
Adam_Beard,1996,athlete
Adam_Bighill,1988,athlete
Adam_Braidwood,1984,athlete
Adam_Breneman,1995,athlete
Adam_Burdett,1882,athlete
Adam_Byrne,1994,athlete
Adam_Byrnes,1981,athlete
Adam_Clay_(soccer),1982,athlete
Adam_Darragh,1979,athlete
Adam_Doneger,,athlete
Adam_Dorrel,1974,athlete
Adam_Emirali,1989,athlete
Adam_Freier,,athlete
Adam_Gee_(golfer),1980,athlete
Adam_Hadwin,1987,athlete
Adam_Henry_(American_football),1972,athlete
Adam_Hrycaniuk,,athlete
Adam_Kelso_Fulton,1929,athlete
Adam_Konar,,athlete
Adam_Krikorian,1974,athlete
Adam_Macklin,1989,athlete
Adam_Mitchell_(golfer),1987,athlete
Adam_Powell_(rugby_union),1987,athlete
Adam_Ruud,1983,athlete
Adam_Scott_(golfer),,athlete
Adam_Shada,1985,athlete
Adam_Smarte,1987,athlete
Adam_Smith_(American_football),1990,athlete
Adam_Throop,1977,athlete
Adam_Virgo,,athlete
Adam_Walsh_(American_football),1901,athlete
Adam_Whitelock,1987,athlete
Adam_Williamson,,athlete
Adam_Wright_(water_polo),1977,athlete
Adaora_Elonu,,athlete
Adarrial_Smylie,,athlete
Adauto_Neto,1980,athlete
Addison_Kelly,1875,athlete
Addison_Lockley,1991,athlete
Ade_Dagunduro,1986,athlete
Adel_Ferdosipour,1974,athlete
Adi_Stein,1986,athlete
Adisak_Kraisorn,,athlete
Adisak_Sensom-Eiad,,athlete
Aditi_Chauhan,1992,athlete
Admir_Salihović,1988,athlete
Adolph_F._Bechdolt,1846,athlete
Adolph_J._Lewandowski,1905,athlete
Adolph_Rupp,,athlete
Adolphus_Washington,,athlete
Adonis_Santa_Maria,1979,athlete
Adriaan_Strauss,1985,athlete
Adrian_Banks,,athlete
Adrian_Brooks,1957,athlete
Adrian_Buoncristiani,,athlete
Adrian_Cashmore,1973,athlete
Adrian_Celada,,athlete
Adrian_Davies_(rugby_union),1969,athlete
Adrian_Dingle_(American_football),,athlete
Adrian_Hilburn,1987,athlete
Adrian_Jarvis,1983,athlete
Adrian_Kekec,1985,athlete
Adrian_Klemm,,athlete
Adrian_LeRoy,1987,athlete
Adrian_Lindsey,,athlete
Adrian_Madise,1980,athlete
"Adrian_Moss_(basketball,_born_1988)",,athlete
Adrian_Regnier,1889,athlete
Adrian_Serioux,,athlete
Adrian_Smith_(basketball),,athlete
Adrian_Stoop,,athlete
Adrian_Tucker,1976,athlete
Adrian_Van_de_Graaff,,athlete
Adriano_Belli,1977,athlete
Adriano_de_Lima,1981,athlete
Adrien_Mörk,,athlete
Adrien_Sturt,,athlete
Adrienne_Marie,,athlete
Adris_Deleon,,athlete
Adva_Twil,1985,athlete
Ady_Spencer,1973,athlete
Adán_Vergara,1981,athlete
African_Grant,1965,athlete
Aftab_Ahmed_(Sind_University_cricketer),,athlete
Afusipa_Taumoepeau,1990,athlete
Agnus_Berenato,,athlete
Aharon_Doron,1922,athlete
Ahmad_Bateman,1961,athlete
Ahmad_Tousi,1947,athlete
Ahmed_Abdel-Sattar,1984,athlete
Ahmet_İlhan_Özek,1988,athlete
Ahn_Hyo-yeon,,athlete
Ahn_Hyun-beom,1994,athlete
Ahn_Hyun-sik,1987,athlete
Ahn_Jae-hoon,1988,athlete
Ahn_Jin-beom,,athlete
Ahn_Jong-hun,1989,athlete
Ahn_Jung-hwan,,athlete
Ahn_Seon-tae,1983,athlete
Ahn_Seung-in,1973,athlete
Ahn_Sung-nam,1984,athlete
Ahn_Tae-eun,1985,athlete
Ahn_Young-gyu,,athlete
Aisha_Jefferson,1986,athlete
Aivar_Kisel,1992,athlete
Aiysha_Smith,,athlete
Akapusi_Qera,1984,athlete
Akbar_Mohammadi_(footballer),1975,athlete
Akeem_Ellis,,athlete
Akeem_Shavers,1990,athlete
Akeyla_Furbert,,athlete
Aki_Jones,,athlete
Aki_Thomas,1979,athlete
Akihiko_Takeshige,1987,athlete
Akihiro_Hayashi,1987,athlete
Akihiro_Hyodo,,athlete
Akihiro_Nakamura,1977,athlete
Akihiro_Nishimura_(footballer),1958,athlete
Akihiro_Noda,1988,athlete
Akihiro_Sakata,1984,athlete
Akihito_Kusunose,1986,athlete
Akihito_Yamada,1985,athlete
Akil_Patterson,1983,athlete
Akira_Kitaguchi,1935,athlete
"Akira_Matsunaga_(footballer,_born_1948)",1948,athlete
Akira_Takeuchi_(footballer),1983,athlete
Akkarapol_Meesawat,,athlete
Akker_van_der_Merwe,1991,athlete
Al_Albert_(soccer),1949,athlete
Al_Bagnoli,1953,athlete
Al_Baisi,1917,athlete
Al_Baxter,,athlete
Al_Benecick,1937,athlete
Al_Besselink,1922,athlete
Al_Blevins,1922,athlete
Al_Borges,,athlete
Al_Brenner,1947,athlete
Al_Brosky,,athlete
Al_Bruno,1927,athlete
Al_Campana,1926,athlete
Al_Carapella,1927,athlete
Al_Clemens,,athlete
Al_Conover,1938,athlete
Al_DeRogatis,,athlete
Al_Edwards_(American_football),1967,athlete
Al_Fisher,1986,athlete
Al_Garten,1905,athlete
Al_Ghesquiere,1918,athlete
Al_Golden_(American_football),,athlete
Al_Green_(basketball),,athlete
Al_Groh,,athlete
Al_Harker,1910,athlete
Al_Harris_(defensive_lineman),1956,athlete
Al_Heagy,1906,athlete
Al_Henderson,1950,athlete
Al_Jacks,,athlete
Al_Jackson_(basketball),1943,athlete
Al_Johnson_(defensive_back),1950,athlete
Al_Ketzko,1919,athlete
Al_Kincaid,1947,athlete
Al_Kircher,1910,athlete
Al_Lavan,1946,athlete
Al_Logan,,athlete
Al_Luginbill,1946,athlete
Al_McClellan,,athlete
Al_Michaels_(American_football_coach),1911,athlete
Al_Milch,1919,athlete
Al_Miller_(soccer),1936,athlete
Al_Molde,1943,athlete
Al_Negratti,1921,athlete
Al_Onofrio,,athlete
Al_Saunders,,athlete
Al_Seagraves,1953,athlete
Al_Simpson,1916,athlete
Al_Skinner,,athlete
Al_Smith_(American_football),1964,athlete
Al_Solis,1962,athlete
Al_Sparlis,1920,athlete
Al_Stewart_(basketball),,athlete
Al_Stump,1916,athlete
Al_Szolack,1950,athlete
Al_Trost,1949,athlete
Al_Tucker,,athlete
Al_Vergara,1979,athlete
Al_Walker,,athlete
Al_Wilson_(offensive_lineman),1950,athlete
Alain_Maca,1950,athlete
Alama_Ieremia,,athlete
Alan_Ayre-Smith,1876,athlete
Alan_Blake,,athlete
Alan_Bovard,1906,athlete
Alan_Cameron_(rugby_union),1929,athlete
Alan_Cawley,1982,athlete
Alan_Cotter,1986,athlete
Alan_Dickens_(rugby_union),1976,athlete
Alan_Drosky,,athlete
Alan_Gooch,,athlete
Alan_Gordon_(soccer),,athlete
Alan_Haig-Brown_(footballer),,athlete
Alan_Jones_(radio_broadcaster),,athlete
Alan_Koch_(soccer),1975,athlete
Alan_M._Holman,1904,athlete
Alan_Major,1968,athlete
Alan_O'Hara,1983,athlete
"Alan_O'Neill_(footballer,_born_1957)",1957,athlete
Alan_Pate,1953,athlete
Alan_Preston,1932,athlete
Alan_Quinlan,1974,athlete
Alan_Robilliard,,athlete
Alan_Rotherham,1862,athlete
Alan_Solomons,1950,athlete
Alan_Sutherland_(rugby_player),1944,athlete
Alan_Weddell,1950,athlete
Alan_Woods_(soccer),1978,athlete
Alasdair_Dickinson,1983,athlete
Alastair_Hignell,,athlete
Alastair_McFarland,,athlete
Alastair_Robinson_(rugby_union),,athlete
Alatini_Saulala,1967,athlete
